<?xml version="1.0" encoding="UTF-8"?>
<project-private xmlns="http://www.netbeans.org/ns/project-private/1">
    <editor-bookmarks xmlns="http://www.netbeans.org/ns/editor-bookmarks/2" lastBookmarkId="0"/>
    <open-files xmlns="http://www.netbeans.org/ns/projectui-open-files/2">
        <group>
            <file>file:/C:/Users/emmaz/OneDrive/Documents/ING3/Informatique/projet%20Java/Projet_Java/Projet_Java/src/ihm/GestionInscription.java</file>
            <file>file:/C:/Users/emmaz/OneDrive/Documents/ING3/Informatique/projet%20Java/Projet_Java/Projet_Java/src/bean/Niveau.java</file>
            <file>file:/C:/Users/emmaz/OneDrive/Documents/ING3/Informatique/projet%20Java/Projet_Java/Projet_Java/src/ihm/GestionEcole.java</file>
            <file>file:/C:/Users/emmaz/OneDrive/Documents/ING3/Informatique/projet%20Java/Projet_Java/Projet_Java/src/dao/Connexion.java</file>
            <file>file:/C:/Users/emmaz/OneDrive/Documents/ING3/Informatique/projet%20Java/Projet_Java/Projet_Java/src/ihm/GestionPersonne.java</file>
            <file>file:/C:/Users/emmaz/OneDrive/Documents/ING3/Informatique/projet%20Java/Projet_Java/Projet_Java/src/dao/InscriptionDao.java</file>
            <file>file:/C:/Users/emmaz/OneDrive/Documents/ING3/Informatique/projet%20Java/Projet_Java/Projet_Java/src/bean/Personne.java</file>
            <file>file:/C:/Users/emmaz/OneDrive/Documents/ING3/Informatique/projet%20Java/Projet_Java/Projet_Java/src/bean/DetailBulletin.java</file>
            <file>file:/C:/Users/emmaz/OneDrive/Documents/ING3/Informatique/projet%20Java/Projet_Java/Projet_Java/src/ihm/ParametreConnexion.java</file>
            <file>file:/C:/Users/emmaz/OneDrive/Documents/ING3/Informatique/projet%20Java/Projet_Java/Projet_Java/src/dao/ClasseDao.java</file>
            <file>file:/C:/Users/emmaz/OneDrive/Documents/ING3/Informatique/projet%20Java/Projet_Java/Projet_Java/src/dao/GestionDao.java</file>
            <file>file:/C:/Users/emmaz/OneDrive/Documents/ING3/Informatique/projet%20Java/Projet_Java/Projet_Java/src/bean/Discipline.java</file>
            <file>file:/C:/Users/emmaz/OneDrive/Documents/ING3/Informatique/projet%20Java/Projet_Java/Projet_Java/src/dao/PersonneDao.java</file>
        </group>
    </open-files>
</project-private>
